{
  "T_gps": 60.0,
  "T_ip": 60.0,
  "T_device": 3600.0,
  "T_wifi": 60.0,
  "T_tls": 60.0,
  "d0": 100.0,
  "penalty_vpn": 0.8,
  "penalty_tor": 0.1,
  "penalty_malicious": 0.1,
  "penalty_unknown": 0.2,
  "W_gps": 0.1471558964473492,
  "W_ip": 0.09465732261740889,
  "W_device": 0.5276348536605178,
  "W_tls": 0.09861703983694381,
  "W_wifi": 0.13193488743778023,
  "threshold_stepup": 0.5096598277986586,
  "threshold_deny": 0.6276454501580445,
  "siem_weight_high": 0.1,
  "siem_weight_medium": 0.26875
}