{
  "freshness_constants": {
    "gps": {
      "optimal_value_seconds": 60.0,
      "optimal_value_hours": 0.016666666666666666,
      "optimal_f1": 0.918918918918919
    },
    "ip": {
      "optimal_value_seconds": 60.0,
      "optimal_value_hours": 0.016666666666666666,
      "optimal_f1": 0.9333333333333333
    },
    "device": {
      "optimal_value_seconds": 3600.0,
      "optimal_value_hours": 1.0,
      "optimal_f1": 0.7878787878787878
    },
    "wifi": {
      "optimal_value_seconds": 60.0,
      "optimal_value_hours": 0.016666666666666666,
      "optimal_f1": 0.6206896551724138
    },
    "tls": {
      "optimal_value_seconds": 60.0,
      "optimal_value_hours": 0.016666666666666666,
      "optimal_f1": 0.9743589743589743
    }
  },
  "geographic_threshold": {
    "optimal_value_km": 100.0,
    "optimal_f1": 0.6206896551724138
  },
  "threat_penalties": {
    "optimal_vpn": 0.8,
    "optimal_tor": 0.1,
    "optimal_f1": 0.5964912280701754
  },
  "signal_weights": {
    "W_gps": 0.1471558964473492,
    "W_ip": 0.09465732261740889,
    "W_device": 0.5276348536605178,
    "W_wifi": 0.13193488743778023,
    "W_tls": 0.09861703983694381,
    "optimal_f1": 0.961038961038961
  },
  "risk_thresholds": {
    "optimal_stepup": 0.5096598277986586,
    "optimal_deny": 0.6276454501580445,
    "roc_auc": 0.9996875000000001
  },
  "siem_weights": {
    "optimal_high": 0.1,
    "optimal_medium": 0.26875,
    "optimal_f1": 0.5964912280701754
  }
}